INSERT INTO USUARIO (NICKNAME, DTYPE, APELLIDOUSUARIO,CONTRASENAUSUARIO,EMAIL, FECNAC, FOTOPERFIL, NOMBREUSUARIO) VALUES ('vpeople', 'Artista', 'People','1234', 'vpeople@tuta.io', '1977-1-1','./Resource/ImagenesPerfil/vpeople.jpg', 'Village'), ('dmode', 'Artista', 'Mode','1234', 'dmode@tuta.io', '1980-6-14', './Resource/ImagenesPerfil/depecheMode.jpg', 'Depeche'), ('clauper', 'Artista', 'Lauper', '1234','clauper@hotmail.com', '1953-6-22', './Resource/ImagenesPerfil/cLauper.jpg', 'Cyndi'), ('bruceTheBoss', 'Artista', 'Springsteen','1234', 'bruceTheBoss@gmail.com', '1949-9-23', './Resource/ImagenesPerfil/bruceTheBoss.jpg', 'Bruce'), ('tripleNelson', 'Artista', 'Nelson','1234', 'tripleNelson@tuta.io', '1998-1-1', './Resource/ImagenesPerfil/tripleNelson.jpg', 'La Triple'), ('la_ley', 'Artista', 'Ley', '1234','la_ley@tuta.io', '1987-2-14',  NULL, 'La'), ('tigerOfWales', 'Artista', 'Jones','1234', 'tigerOfWales@tuta.io', '1940-6-7', NULL, 'Tom'), ('chaiko', 'Artista', 'Tchaikovsky','1234', 'chaiko@tuta.io', '1840-4-25', NULL, 'Piotr'), ('nicoleneu', 'Artista', 'Neumann','1234', 'nicoleneu@hotmail.com', '1980-10-31', NULL, 'Nicole'), ('lospimpi', 'Artista', '', '1234','lospimpi@gmail.com', '1981-8-13', './Resource/ImagenesPerfil/losPimpinela.jpg', 'Pimpinela'), ('dyangounchained', 'Artista', '', '1234','dyangounchained@gmail.com', '1940-3-5', NULL, 'Dyango'), ('alcides', 'Artista', '', '1234','alcides@tuta.io', '1952-7-17', NULL, 'Alcides'), ('el_padrino', 'Cliente', 'Corleone','1234', 'el_padrino@tuta.io', '1972-3-8', './Resource/ImagenesPerfil/vitoCorleone.jpeg', 'Vito'), ('scarlettO', 'Cliente', 'O’Hara','1234', 'scarlettO@tuta.io', '1984-11-27', './Resource/ImagenesPerfil/scarlettO.jpg', 'Scarlett'),('ppArgento', 'Cliente', 'Argento','1234', 'ppArgento@hotmail.com', '1955-2-14', './Resource/ImagenesPerfil/ppArgento.png', 'Pepe'),('Heisenberg', 'Cliente', 'White','1234', 'Heisenberg@tuta.io', '1956-3-7', './Resource/ImagenesPerfil/heisenbergWW.jpg', 'Walter'),('benKenobi', 'Cliente', 'Kenobi', '1234','benKenobi@gmail.com', '1914-2-2', './Resource/ImagenesPerfil/benKenobi.png', 'Obi-Wan'),('lachiqui', 'Cliente', 'Legrand','1234','lachiqui@hotmail.com.ar', '1927-2-23', './Resource/ImagenesPerfil/laChiqui.jpg', 'Mirtha'),('cbochinche', 'Cliente', 'Bochinche','1234','cbochinche@vera.com.uy', '1937-5-8', './Resource/ImagenesPerfil/cbochinche.jpg', 'Cacho'),('Eleven11', 'Cliente', '','1234','Eleven11@gmail.com', '1971-12-31', './Resource/ImagenesPerfil/11Eleven11.jpg', 'Eleven');
INSERT INTO ARTISTA (NICKNAME, BIOGRAFIA, DIRSITIOWEB) VALUES ('vpeople', 'Village People es una innovadora formación musical de estilo disco de finales de los años 70. Fue famosa tanto por sus peculiares disfraces, como por sus canciones pegadizas, con letras sugerentes y llenas de dobles sentidos.', 'www.officialvillagepeople.com'), ('dmode', NULL, 'www.depechemode.com'), ('clauper', 'Cynthia Ann Stephanie Lauper, conocida simplemente como Cyndi Lauper, es una cantautora, actriz y empresaria estadounidense. Después de participar en el grupo musical, Blue Angel, en 1983 firmó con Portrait Records (filial de Epic Records) y lanzó su exitoso álbum debut Shes So Unusual a finales de ese mismo año. Siguió lanzando una serie de álbumes en los que encontró una inmensa popularidad, superando los límites de contenido de las letras de sus canciones.', 'cyndilauper.com'), ('bruceTheBoss', NULL, 'brucespringsteen.net'), ('tripleNelson', 'La Triple Nelson es un grupo de rock uruguayo formado en enero de 1998 e integrado inicialmente por Christian Cary (guitarra y voz), Fernando "Paco" Pintos (bajo y coros) y Rubén Otonello (actualmente su nuevo baterista es Rafael Ugo).', NULL), ('tigerOfWales', 'Sir Thomas John, conocido por su nombre artístico de Tom Jones, es un cantante británico. Ha vendido más de 100 millones de discos en todo el mundo.1', 'www.tomjones.net'),  ('la_ley', NULL, NULL), ('chaiko', 'Piotr Ilich Chaikovski fue un compositor ruso del período del Romanticismo', NULL),('nicoleneu', NULL, NULL),('lospimpi', NULL, 'www.pimpinela.net'),('dyangounchained', 'José Gómez Romero, conocido artísticamente como Dyango es un cantante español de música romántica.', NULL),('alcides', 'Su carrera comienza en 1976 cuando forma la banda Los Playeros junto a su hermano Víctor. Al poco tiempo se mudan a San Luis donde comienzan a hacerse conocidos en la escena musical. Su éxito a nivel nacional llega a comienzos de los años 1990 cuando desembarca en Buenos Aires y graba el éxito "Violeta", originalmente compuesta e interpretada en 1985 por el músico brasileño Luiz Caldas bajo el título «Fricote».', NULL);
INSERT INTO CLIENTE (NICKNAME, idSuscripcion) VALUES ('el_padrino','3'),('scarlettO',NULL),('ppArgento','2'),('Heisenberg',NULL),('benKenobi',NULL),('lachiqui','4'),('cbochinche',NULL),('Eleven11','1');
INSERT INTO cliente_seguidos (nickname_Cliente, nickname_usuario) VALUES ('el_padrino', 'vpeople'),('el_padrino', 'dmode'), ('el_padrino', 'clauper'), ('el_padrino', 'benKenobi'),('el_padrino', 'lachiqui'), ('el_padrino', 'cbochinche'),('el_padrino', 'Eleven11'), ('scarlettO', 'dmode'), ('scarlettO', 'bruceTheBoss'), ('scarlettO', 'tigerOfWales'), ('scarlettO', 'tripleNelson'), ('scarlettO', 'Heisenberg'), ('scarlettO', 'benKenobi'),('scarlettO', 'lachiqui'), ('ppArgento', 'dmode'),('ppArgento', 'bruceTheBoss'), ('ppArgento', 'tripleNelson'),('ppArgento','benKenobi'), ('ppArgento', 'lachiqui'),('ppArgento', 'cbochinche'),('ppArgento', 'Eleven11'), ('Heisenberg', 'dmode'),('Heisenberg', 'bruceTheBoss'), ('Heisenberg', 'tigerOfWales'), ('Heisenberg', 'tripleNelson'), ('Heisenberg', 'lospimpi'), ('Heisenberg', 'dyangounchained'), ('Heisenberg', 'alcides'), ('Heisenberg', 'el_padrino'),('Heisenberg', 'scarlettO'),('Heisenberg', 'ppArgento'), ('Heisenberg', 'benKenobi'), ('Heisenberg', 'lachiqui'), ('Heisenberg', 'Eleven11'), ('benKenobi', 'dmode'),('benKenobi', 'bruceTheBoss'), ('benKenobi', 'la_ley'), ('benKenobi', 'chaiko'), ('benKenobi', 'nicoleneu'),('benKenobi', 'lospimpi'), ('benKenobi', 'alcides'), ('benKenobi', 'el_padrino'), ('benKenobi', 'scarlettO'), ('benKenobi', 'lachiqui'),('benKenobi', 'cbochinche'), ('benKenobi', 'Eleven11'), ('lachiqui', 'clauper'), ('lachiqui', 'la_ley'), ('lachiqui', 'lospimpi'), ('lachiqui', 'alcides'), ('lachiqui', 'el_padrino'), ('lachiqui', 'scarlettO'), ('lachiqui', 'ppArgento'), ('cbochinche', 'la_ley'), ('cbochinche', 'lospimpi'), ('cbochinche', 'dyangounchained'), ('cbochinche', 'alcides'), ('cbochinche', 'ppArgento'), ('Eleven11', 'la_ley'), ('Eleven11', 'el_padrino'), ('Eleven11', 'scarlettO'), ('Eleven11', 'ppArgento');
INSERT INTO usuario_seguidores (nickname_Usuario, nickname_Seguidor) VALUES ('vpeople', 'el_padrino'), ('dmode', 'el_padrino'), ('dmode', 'scarlettO'), ('dmode', 'ppArgento'), ('dmode', 'Heisenberg'), ('dmode', 'benKenobi'), ('clauper', 'el_padrino'), ('bruceTheBoss', 'scarlettO'), ('bruceTheBoss', 'ppArgento'), ('bruceTheBoss', 'Heisenberg'), ('bruceTheBoss', 'benKenobi'), ('bruceTheBoss', 'lachiqui'), ('tigerOfWales', 'scarlettO'),('tigerOfWales', 'Heisenberg'), ('tripleNelson', 'scarlettO'), ('tripleNelson', 'ppArgento'), ('tripleNelson', 'Heisenberg'), ('la_ley', 'benKenobi'), ('la_ley', 'lachiqui'), ('la_ley', 'cbochinche'), ('la_ley', 'Eleven11'), ('chaiko', 'benKenobi'), ('nicoleneu', 'benKenobi'), ('lospimpi', 'Heisenberg'), ('lospimpi', 'benKenobi'), ('lospimpi', 'lachiqui'), ('lospimpi', 'cbochinche'), ('dyangounchained', 'Heisenberg'), ('dyangounchained', 'cbochinche'), ('alcides', 'Heisenberg'), ('alcides', 'benKenobi'), ('alcides', 'lachiqui'), ('alcides', 'cbochinche'), ('el_padrino', 'Heisenberg'), ('el_padrino', 'benKenobi'), ('el_padrino', 'lachiqui'), ('el_padrino', 'Eleven11'), ('scarlettO', 'Heisenberg'), ('scarlettO', 'lachiqui'), ('scarlettO', 'Eleven11'), ('ppArgento', 'Heisenberg'), ('ppArgento', 'benKenobi'), ('ppArgento', 'lachiqui'), ('ppArgento', 'cbochinche'), ('ppArgento', 'Eleven11'), ('Heisenberg', 'scarlettO'), ('benKenobi', 'el_padrino'),('benKenobi', 'scarlettO'),('benKenobi', 'ppArgento'),('benKenobi', 'Heisenberg'),('lachiqui', 'el_padrino'),('lachiqui', 'scarlettO'),('lachiqui', 'ppArgento'), ('lachiqui', 'Heisenberg'),('lachiqui', 'benKenobi'),('cbochinche', 'el_padrino'),('cbochinche', 'ppArgento'),('cbochinche', 'benKenobi'),('Eleven11', 'el_padrino'),('Eleven11', 'ppArgento'),('Eleven11', 'Heisenberg'),('Eleven11', 'benKenobi');
INSERT INTO GENERO (NOMBREGENERO, MIPADRE_NOMBREGENERO) VALUES ('Genero', NULL),('Rock', 'Genero'),('Rock Clásico', 'Rock'),('Rock Latino', 'Rock'),('Rock & Roll', 'Rock'),('Clásica', 'Genero'),('Disco', 'Genero'),('Pop', 'Genero'),('Electropop', 'Pop'),('Dance-pop', 'Pop'),('Pop Clásico ', 'Pop'),('Balada', 'Genero'),('Cumbia', 'Genero');
INSERT INTO GENERO_GENERO (Genero_NOMBREGENERO, misGenerosHijos_NOMBREGENERO) VALUES ('Genero', 'Balada'),('Genero', 'Clásica'),('Genero', 'Cumbia'),('Genero', 'Disco'),('Genero', 'Pop'),('Genero', 'Rock'),('Pop', 'Electropop'),('Pop', 'Dance-pop'),('Pop', 'Pop Clásico'),('Rock', 'Rock Clásico'),('Rock', 'Rock Latino'),('Rock', 'Rock & Roll');
INSERT INTO ALBUM (IDALBUM, ANIOCREACION, FOTOALBUM, NOMBREALBUM, MIARTISTA_NICKNAME) VALUES ('1', '1980', NULL, 'Village People Live and Sleazy', 'vpeople'),('2', '1990', NULL, 'Violator', 'dmode'),('3', '1983', './Resource/ImagenesPerfil/shesunusual.png', 'She’s So Unusual', 'clauper'),('4', '1984', NULL, 'Born In The U.S.A.', 'bruceTheBoss'),('5', '1965', './Resource/ImagenesPerfil/itsNotUnusual.jpeg', 'It’s Not Unusual', 'tigerOfWales'),('6', '2012', NULL, 'Agua Y Sal', 'tripleNelson'),('7', '2001', './Resource/ImagenesPerfil/MTVunplugged.jpg', 'MTV Unplugged', 'la_ley'),('8', '1875', NULL, 'El Lago De Los Cisnes', 'chaiko'),('9', '1875', NULL, 'Concierto Para Piano No. 1 En Si Menor, Opus 23', 'chaiko'),('10', '1994', NULL, 'Primer Amor', 'nicoleneu'),('11', '1993', NULL, 'Hay Amores Que Matan', 'lospimpi'),('12', '1993', NULL, 'Un Loco Como Yo ', 'dyangounchained'),('13', '1989', NULL, '20 Grandes Éxitos', 'alcides');
INSERT INTO ALBUM_GENERO (misAlbumes_IDALBUM, misGeneros_NOMBREGENERO) VALUES ('1', 'Disco'),('1', 'Dance-pop'),('1', 'Pop Clásico'),('2', 'Electropop'),('3', 'Pop Clásico'),('3', 'Dance-pop'),('4', 'Rock Clásico'),('4', 'Rock & Roll'),('4', 'Pop Clásico'),('5' , 'Rock Clásico'),('5' , 'Pop Clásico'),('6', 'Rock Latino'),('7', 'Rock Latino'),('7', 'Pop Clásico'),('8', 'Clásica'),('9', 'Clásica'),('10', 'Electropop'),('11', 'Pop Clásico'),('11', 'Balada'),('12', 'Pop Clásico'),('12', 'Balada'),('13', 'Cumbia');
INSERT INTO TEMA (IDTEMA, DTYPE, DURACIONSEGUNDOS, NOMBRETEMA, POSICIONENALBUM, MIALBUM_IDALBUM) VALUES ('11', 'TemaConURL', '268', 'YMCA', '1', '1'),('12', 'TemaConRuta', '208', 'Macho Man', '2', '1'),('13', 'TemaConURL', '193', 'In the Navy', '3', '1'), ('21', 'TemaConRuta', '296', 'Personal Jesus', '1', '2'),('22', 'TemaConRuta', '241', 'Enjoy The Silence', '2', '2'),('31', 'TemaConURL', '195', 'Girls Just Want To Have Fun', '1', '3'),('32', 'TemaConRuta', '312', 'Time After Time', '2', '3'),('41', 'TemaConURL', '298', 'Born In The U.S.A.', '1', '4'), ('42', 'TemaConURL', '323', 'Glory Days', '2', '4'), ('43', 'TemaConRuta', '238', 'Dancing In The Park', '3', '4'), ('51', 'TemaConRuta', '120', 'It’s Not Unusual', '1', '5'), ('61', 'TemaConURL', '290', 'Adagio De Mi País', '1', '6'),('71', 'TemaConRuta', '323', 'El Duelo', '1', '7'),('72', 'TemaConRuta', '288', 'Mentira', '2', '7'),('81', 'TemaConURL', '160', 'Acto 2, Número 10, Escena (Moderato)', '1', '8'),('91', 'TemaConURL', '1318', 'Primer Movimiento (Allegro non troppo e molto maestoso – Allegro con spirito) ', '1', '9'),('101', 'TemaConRuta', '132', 'No Quiero Estudiar', '1', '10'),('111', 'TemaConRuta', '285', 'Por Ese Hombre', '1', '11'),('121', 'TemaConURL', '313', 'Por Ese Hombre', '1', '12'), ('131', 'TemaConURL', '116', 'Violeta', '1', '13');
INSERT INTO TEMACONRUTA (IDTEMA, RUTATEMA) VALUES ('12', NULL),('21', NULL),('22', NULL),('32', NULL),('43', NULL),('51', NULL),('71', NULL), ('72', NULL),('101', NULL),('111', NULL);
INSERT INTO TEMACONURL (IDTEMA, URLTEMA) VALUES ('11', 'bit.ly/SCvpymca'),('13', 'bit.ly/SCvpinthenavy'),('31', 'bit.ly/SCclgirlsjustwant'),('41', 'bit.ly/SCbsborninusa'),('42', 'bit.ly/SCbsglorydays'),('61', 'bit.ly/SCtnadagiopais'),('81', 'bit.ly/SCptswanlake'),('91', 'bit.ly/SCptpiano'),('121', 'bit.ly/SCdyporesehombre'),('131', 'bit.ly/SCvioleta');
INSERT INTO LISTAREPRODUCCION (NOMBRELISTA, DTYPE, FOTOLISTA) VALUES ('Noche De La Nostalgia', 'ListaPorDefecto', './Resource/ImagenesPerfil/laNocheNostalgia.jpg'),('Rock En Español', 'ListaPorDefecto', NULL),('Música Clásica', 'ListaPorDefecto', ''),('Música Inspiradora', 'ListaParticular', './Resource/ImagenesPerfil/musicInspi.jpg'),('De Todo Un Poco', 'ListaParticular', NULL),('Para Cocinar', 'ListaParticular', './Resource/ImagenesPerfil/ParaCocinar.jpg'),('Para Las Chicas', 'ListaParticular', NULL),('Fiesteras', 'ListaParticular', './Resource/ImagenesPerfil/fiestaFiesta.jpg'),('Mis Favoritas', 'ListaParticular', NULL);
INSERT INTO LISTAPORDEFECTO (NOMBRELISTA, MIGENERO_NOMBREGENERO) VALUES ('Noche De La Nostalgia', 'Pop Clásico'),('Rock En Español', 'Rock Latino'),('Música Clásica', 'Clásica');
INSERT INTO LISTAPARTICULAR (NOMBRELISTA, SOYPRIVADA, MICLIENTE_NICKNAME) VALUES ('Música Inspiradora', '0', 'el_padrino'),('De Todo Un Poco','0', 'scarlettO'),('Para Cocinar', '1', 'Heisenberg'),('Para Las Chicas', '0', 'lachiqui'),('Fiesteras', '0', 'cbochinche'),('Mis Favoritas', '1', 'cbochinche');
INSERT INTO cliente_listasReproduccion_creadas (nickname_Cliente, nombre_ListaReproduccion) VALUES ('el_padrino', 'Música Inspiradora'), ('scarlettO', 'De Todo Un Poco'),('Heisenberg', 'Para Cocinar'),('lachiqui', 'Para Las Chicas'),('cbochinche', 'Fiesteras'),('cbochinche', 'Mis Favoritas');
INSERT INTO TEMA_LISTAREPRODUCCION (misReproducciones_NOMBRELISTA, misTemas_IDTEMA) VALUES ('Noche De La Nostalgia', '11'),('Noche De La Nostalgia', '12'),('Noche De La Nostalgia', '13'),('Noche De La Nostalgia','31'),('Noche De La Nostalgia','32'),('Noche De La Nostalgia','41'),('Noche De La Nostalgia','42'),('Noche De La Nostalgia','43'),('Noche De La Nostalgia','51'),('Rock En Español','61'),('Rock En Español','71'),('Rock En Español','72'),('Música Clásica','81'),('Música Clásica','91'),('Música Inspiradora','81'),('Música Inspiradora','91'),('Música Inspiradora','21'), ('De Todo Un Poco','31'),('De Todo Un Poco','32'),('De Todo Un Poco','51'),('De Todo Un Poco','81'),('Para Cocinar','21'),('Para Cocinar','22'), ('Para Cocinar','41'),('Para Cocinar','42'),('Para Las Chicas','31'),('Para Las Chicas','51'),('Para Las Chicas','91'),('Para Las Chicas','101'),('Para Las Chicas','121'),('Fiesteras','11'),('Fiesteras','12'),('Fiesteras','13'),('Fiesteras','42'),('Fiesteras','131'),('Mis Favoritas','61'), ('Mis Favoritas','91'),('Mis Favoritas','111');
INSERT INTO cliente_temas_fav (nickname_Cliente, id_Tema) VALUES ('el_padrino', '71'),('ppArgento', '61'),('cbochinche', '91'),('Eleven11', '101');
INSERT INTO cliente_listasReproduccion_fav (nickname_Cliente, nombre_ListaReproduccion) VALUES ('el_padrino', 'Noche De La Nostalgia'),('el_padrino', 'Música Clásica'),('scarlettO', 'Música Clásica'),('ppArgento', 'Noche De La Nostalgia'),('ppArgento', 'Rock En Español'), ('Heisenberg', 'Noche De La Nostalgia'),('cbochinche', 'Noche De La Nostalgia'),('cbochinche', 'Rock En Español');
INSERT INTO cliente_albumes_fav (nickname_Cliente, id_Album) VALUES ('el_padrino', '2'),('el_padrino', '8'),('el_padrino', '9'),('benKenobi', '8'), ('benKenobi', '9'),('cbochinche', '11');
INSERT INTO SUSCRIPCION (IDSUSCRIPCION, ESTADOSUSCRIPCION, FECHASUSCRIPCION, TIPOSUSCRIPCION) VALUES ('1', 'Pendiente', '2024-10-09', 'Semanal'),('2', 'Vigente', '2024-10-09', 'Mensual'),('3', 'Cancelada', '2024-10-09', 'Anual'),('4', 'Vencida', '2024-10-09', 'Mensual');
